1,T-Shirt,Nike,A comfortable cotton t-shirt.,M,25.00,10
2,Jeans,Levi's,Classic blue jeans.,L,75.00,5
3,Jacket,Adidas,A stylish jacket for all weather.,XL,120.00,3
4,Hat,Puma,A cool hat to complete your look.,S,15.00,20
5,Socks,Reebok,A pair of comfortable socks.,M,5.00,50
6,Shoes,Converse,Classic canvas shoes.,L,60.00,8
7,Sweater,Gucci,A luxurious sweater.,S,500.00,2
8,Dress,Prada,A beautiful evening dress.,M,1500.00,1
9,Scarf,Hermes,A stylish silk scarf.,L,250.00,4
10,Gloves,Louis Vuitton,A pair of leather gloves.,M,350.00,3
11,T-Shirt,Nike,A comfortable cotton t-shirt.,L,25.00,10
12,Jeans,Levi's,Classic blue jeans.,M,75.00,5
13,Jacket,Adidas,A stylish jacket for all weather.,M,120.00,3
14,Hat,Puma,A cool hat to complete your look.,L,15.00,20
15,Socks,Reebok,A pair of comfortable socks.,L,5.00,50
16,Shoes,Converse,Classic canvas shoes.,M,60.00,8
17,Sweater,Gucci,A luxurious sweater.,L,500.00,2
18,Dress,Prada,A beautiful evening dress.,L,1500.00,1
19,Scarf,Hermes,A stylish silk scarf.,M,250.00,4
20,Gloves,Louis Vuitton,A pair of leather gloves.,L,350.00,3
21,T-Shirt,Nike,A comfortable cotton t-shirt.,XL,25.00,10
22,Jeans,Levi's,Classic blue jeans.,XL,75.00,5
23,Jacket,Adidas,A stylish jacket for all weather.,S,120.00,3
