9,T-shirt,Bomba,molto comoda e adatta alla passeggiate giornaliere.,S,29.99,20
10,T-Shirt,Armani,molto alla moda ha 3 strisce.,M,39.99,20
11,T-Shirt,Super,essere supremo con Supreme.,M,25.00,20
18,Jeans,Levi.s,ottima qualita',L,59.99,15
19,Jeans,E.Armani,Qualita' italiana ottima se vuoi fare colpo.,S,38.99,23
20,Jeans,Wrangler,Marchio americano con strappo sul ginocchio.,S,15.69,30
12,Dress,Luigi Vittone,Tessuto aderente con dettagli di pizzo o cristalli.,XS,100.99,10
13,Dress,Ciucci,Alta moda .,XL,99.99,11
14,Dress,Celani,Bello e colorato,M,83.99,34
16,Occhiali,Gucci,Occhiali da discoteca molto tamarrri.,M,149.99,10
17,Occhiali,Nike,Occhiali bianchi prima scelta dei maranza.,M,47.99,19
15,Occhiali,Barcelona,Stile steampunk molto eccentrici.,M,10.99,17
21,Cappello,polo pub,Forma rotonda tesa piatta tessuto leggero come cotone o nylon versatile e trendy,S,49.99,53
22,Cappello,Tommaso ilfigo,Estivo e traspirante odora di acqua marina,L,35.99,12
23,Cappello,Giordana,Comodo ed elegante adatto ad ogni situazione.,XXS,20.50,15
